"","mean","se_mean","sd","2.5%","25%","50%","75%","97.5%","n_eff","Rhat"
"a",-118.082590149691,2.26226969854366,74.8620757492123,-262.052733873651,-169.616853321424,-119.702310858065,-68.9523073783956,34.5154425622856,1095.05258025065,1.00018595020856
"b",21.8594415718422,0.0498595556896784,1.66443201645221,18.3821571075804,20.7567327067766,21.8915019198073,22.9962079712841,24.9850534453681,1114.38514475759,1.00053535587612
"sigma",86.0642543863377,0.436579902977262,16.2231912043723,61.2004506362864,74.880516545344,83.5299943662889,94.6910877473925,126.645777255281,1380.84551431952,1.00400052406129
"lp__",-93.6840140216782,0.0404487795754379,1.3520411690501,-97.2330008272398,-94.2818477130551,-93.330811937008,-92.7013207198812,-92.1450805479463,1117.2979106115,1.00517423094788
